filename,from,to,original_D,original_rTRE,rigid_D,rigid_rTRE,non_rigid_D,non_rigid_rTRE,processed_img_shape,shape,aligned_shape,mean_original_D,mean_rigid_D,physical_units,resolution,name,rigid_time_minutes,mean_non_rigid_D,non_rigid_time_minutes
./example_datasets/ihc/ihc_5.ome.tiff,ihc_5,ihc_1,8748.19378589,1.21852932526,171.676284983,0.0239126604672,117.879562394,0.0239126604672,"(670, 590)","(2682, 2362)","(3302, 3089)",2546.15305396,88.6020694861,µm,7.96467977129,ihc,0.372840102514,46.7494102303,0.868039917946
./example_datasets/ihc/ihc_1.ome.tiff,ihc_1,ihc_4,2415.03195516,0.336398917521,90.6700107146,0.012629768062,49.5760912057,0.012629768062,"(670, 636)","(2727, 2587)","(3302, 3089)",2546.15305396,88.6020694861,µm,7.96442087225,ihc,0.372840102514,46.7494102303,0.868039917946
./example_datasets/ihc/ihc_4.ome.tiff,ihc_4,,,,,,,,"(670, 603)","(2997, 2699)","(3302, 3089)",2546.15305396,88.6020694861,µm,7.96499817739,ihc,0.372840102514,46.7494102303,0.868039917946
./example_datasets/ihc/ihc_2.ome.tiff,ihc_2,ihc_4,2681.88856038,0.373537917982,81.845342653,0.0113995560229,42.9157309941,0.0113995560229,"(670, 641)","(2817, 2699)","(3302, 3089)",2546.15305396,88.6020694861,µm,7.96511304418,ihc,0.372840102514,46.7494102303,0.868039917946
./example_datasets/ihc/ihc_3.ome.tiff,ihc_3,ihc_2,1879.75434526,0.261835001298,86.3585734919,0.0120290703194,41.5766216684,0.0120290703194,"(670, 637)","(2717, 2587)","(3302, 3089)",2546.15305396,88.6020694861,µm,7.96451447743,ihc,0.372840102514,46.7494102303,0.868039917946
