filename,from,to,original_D,original_rTRE,rigid_D,rigid_rTRE,non_rigid_D,non_rigid_rTRE,processed_img_shape,shape,aligned_shape,mean_original_D,mean_rigid_D,physical_units,resolution,name,rigid_time_minutes,mean_non_rigid_D,non_rigid_time_minutes
./example_datasets/ihc/ihc_5.ome.tiff,ihc_5,ihc_1,7779.74772005,1.05656986289,157.423817229,0.021379775665,97.6477055428,0.021379775665,"(670, 590)","(2682, 2362)","(3358, 3136)",2281.58036298,86.1085712648,µm,7.96467977129,ihc,0.212754714489,41.8801220083,0.454954751333
./example_datasets/ihc/ihc_1.ome.tiff,ihc_1,ihc_3,537.372082024,0.0729830354358,104.069554337,0.0141341767204,73.6514703546,0.0141341767204,"(670, 636)","(2727, 2587)","(3358, 3136)",2281.58036298,86.1085712648,µm,7.96442087225,ihc,0.212754714489,41.8801220083,0.454954751333
./example_datasets/ihc/ihc_3.ome.tiff,ihc_3,,,,,,,,"(670, 637)","(2717, 2587)","(3358, 3136)",2281.58036298,86.1085712648,µm,7.96451447743,ihc,0.212754714489,41.8801220083,0.454954751333
./example_datasets/ihc/ihc_2.ome.tiff,ihc_2,ihc_3,1859.76888441,0.252562028802,90.1434194042,0.0122417387874,40.4554837687,0.0122417387874,"(670, 641)","(2817, 2699)","(3358, 3136)",2281.58036298,86.1085712648,µm,7.96511304418,ihc,0.212754714489,41.8801220083,0.454954751333
./example_datasets/ihc/ihc_4.ome.tiff,ihc_4,ihc_2,2442.64397168,0.331722946419,77.5316143881,0.0105291707935,39.4964634047,0.0105291707935,"(670, 603)","(2997, 2699)","(3358, 3136)",2281.58036298,86.1085712648,µm,7.96499817739,ihc,0.212754714489,41.8801220083,0.454954751333
