filename,from,to,original_D,original_rTRE,rigid_D,rigid_rTRE,non_rigid_D,non_rigid_rTRE,processed_img_shape,shape,aligned_shape,mean_original_D,mean_rigid_D,physical_units,resolution,name,rigid_time_minutes,mean_non_rigid_D,non_rigid_time_minutes
./example_datasets/ihc/ihc_5.ome.tiff,ihc_5,ihc_1,8847.55686815,0.78564583663,148.540211498,0.0131900817903,121.022714932,0.0107465816316,"(1024, 902)","(2682, 2362)","(3338, 3126)",1862.06724722,90.5091493323,µm,7.96451447743,ihc,0.305461676915,64.8437977636,0.68072655201
./example_datasets/ihc/ihc_1.ome.tiff,ihc_1,ihc_3,670.072268746,0.0595030480131,87.4344320256,0.00776425984104,62.2361651422,0.00552663002983,"(1024, 971)","(2727, 2587)","(3338, 3126)",1862.06724722,90.5091493323,µm,7.96451447743,ihc,0.305461676915,64.8437977636,0.68072655201
./example_datasets/ihc/ihc_3.ome.tiff,ihc_3,,,,,,,,"(1024, 975)","(2717, 2587)","(3338, 3126)",1862.06724722,90.5091493323,µm,7.96451447743,ihc,0.305461676915,64.8437977636,0.68072655201
./example_datasets/ihc/ihc_2.ome.tiff,ihc_2,ihc_3,1315.33605688,0.116792929363,83.200705394,0.00738765888546,60.7041707177,0.00539011903882,"(1024, 981)","(2817, 2699)","(3338, 3126)",1862.06724722,90.5091493323,µm,7.96451447743,ihc,0.305461676915,64.8437977636,0.68072655201
./example_datasets/ihc/ihc_4.ome.tiff,ihc_4,ihc_2,1978.03521828,0.175638657487,91.5194498496,0.00812642421984,64.1788973869,0.00569873340569,"(1024, 922)","(2997, 2699)","(3338, 3126)",1862.06724722,90.5091493323,µm,7.96451447743,ihc,0.305461676915,64.8437977636,0.68072655201
