filename,from,to,original_D,original_TRE,original_mattesMI,rigid_D,rigid_TRE,rigid_mattesMI,non_rigid_D,non_rigid_TRE,non_rigid_mattesMI,processed_img_shape,shape,aligned_shape,mean_original_D,mean_rigid_D,physical_units,resolution,name,rigid_time_minutes,mean_non_rigid_D,non_rigid_time_minutes
./example_datasets/ihc/ihc_5.ome.tiff,ihc_5,,,,,,,,,,,"(670, 590)","(2682, 2362)","(3276, 2980)",1957.31875572,83.7063624706,µm,7.96467977129,ihc,0.507799939315,43.3914182297,0.792849802971
./example_datasets/ihc/ihc_1.ome.tiff,ihc_1,ihc_5,7227.57371064,0.204913706018,0.199269174789,104.170698142,0.00295341212269,0.398552233649,67.9248471403,0.00295341212269,0.578981153203,"(670, 636)","(2727, 2587)","(3276, 2980)",1957.31875572,83.7063624706,µm,7.96442087225,ihc,0.507799939315,43.3914182297,0.792849802971
./example_datasets/ihc/ihc_3.ome.tiff,ihc_3,ihc_1,786.489500592,0.0222980201456,0.410004449291,91.703777312,0.00259992367653,0.674724065931,55.5975321326,0.00259992367653,0.800908013327,"(670, 637)","(2717, 2587)","(3276, 2980)",1957.31875572,83.7063624706,µm,7.96451447743,ihc,0.507799939315,43.3914182297,0.792849802971
./example_datasets/ihc/ihc_2.ome.tiff,ihc_2,ihc_3,2001.97833562,0.0567544748938,0.221886241038,84.1714850986,0.00238619387273,0.708702968937,34.6196615681,0.00238619387273,0.883849436241,"(670, 641)","(2817, 2699)","(3276, 2980)",1957.31875572,83.7063624706,µm,7.96511304418,ihc,0.507799939315,43.3914182297,0.792849802971
./example_datasets/ihc/ihc_4.ome.tiff,ihc_4,ihc_2,2333.71550952,0.0661599109444,0.16257591394,79.3038538396,0.00224823286565,0.746817239447,41.8062213596,0.00224823286565,0.919217261788,"(670, 603)","(2997, 2699)","(3276, 2980)",1957.31875572,83.7063624706,µm,7.96499817739,ihc,0.507799939315,43.3914182297,0.792849802971
