filename,from,to,original_D,original_rTRE,rigid_D,rigid_rTRE,non_rigid_D,non_rigid_rTRE,processed_img_shape,shape,aligned_shape,mean_original_D,mean_rigid_D,physical_units,resolution,name,rigid_time_minutes,mean_non_rigid_D,non_rigid_time_minutes
./example_datasets/ihc/ihc_5.ome.tiff,ihc_5,ihc_1,7737.51866001,1.05083472162,196.293970125,0.0266587427465,96.1110008489,0.0266587427465,"(670, 590)","(2682, 2362)","(3338, 3124)",2347.15683862,87.1917583797,µm,7.96467977129,ihc,0.295292198658,42.0854511838,3.1554273208
./example_datasets/ihc/ihc_1.ome.tiff,ihc_1,ihc_3,563.506288073,0.0765324451464,88.4099665209,0.0120073742855,93.8345260533,0.0120073742855,"(670, 636)","(2727, 2587)","(3338, 3124)",2347.15683862,87.1917583797,µm,7.96442087225,ihc,0.295292198658,42.0854511838,3.1554273208
./example_datasets/ihc/ihc_3.ome.tiff,ihc_3,,,,,,,,"(670, 637)","(2717, 2587)","(3338, 3124)",2347.15683862,87.1917583797,µm,7.96451447743,ihc,0.295292198658,42.0854511838,3.1554273208
./example_datasets/ihc/ihc_2.ome.tiff,ihc_2,ihc_3,1999.18194757,0.271494728649,93.4115501911,0.0126855604627,40.1047374531,0.0126855604627,"(670, 641)","(2817, 2699)","(3338, 3124)",2347.15683862,87.1917583797,µm,7.96511304418,ihc,0.295292198658,42.0854511838,3.1554273208
./example_datasets/ihc/ihc_4.ome.tiff,ihc_4,ihc_2,2495.06113123,0.338841451944,75.2357390665,0.0102173797444,40.664262181,0.0102173797444,"(670, 603)","(2997, 2699)","(3338, 3124)",2347.15683862,87.1917583797,µm,7.96499817739,ihc,0.295292198658,42.0854511838,3.1554273208
