filename,from,to,original_D,original_TRE,original_mattesMI,rigid_D,rigid_TRE,rigid_mattesMI,non_rigid_D,non_rigid_TRE,non_rigid_mattesMI,processed_img_shape,shape,aligned_shape,mean_original_D,mean_rigid_D,physical_units,resolution,name,rigid_time_minutes,mean_non_rigid_D,non_rigid_time_minutes
./example_datasets/ihc/ihc_5.ome.tiff,ihc_5,ihc_1,9108.67811025,0.248490944029,0.199877242931,240.883600182,0.00657146871213,2.15113291261,146.794157823,0.00657146871213,0.565084484974,"(670, 590)","(2682, 2362)","(3346, 3160)",2588.03962151,94.4476501237,µm,7.96467977129,ihc,0.372426597277,47.6868211203,0.638833697637
./example_datasets/ihc/ihc_1.ome.tiff,ihc_1,ihc_3,699.729911853,0.0190897292069,0.428971601046,104.345041373,0.00284669634691,2.23012009224,84.619542707,0.00284669634691,0.77982664566,"(670, 636)","(2727, 2587)","(3346, 3160)",2588.03962151,94.4476501237,µm,7.96442087225,ihc,0.372426597277,47.6868211203,0.638833697637
./example_datasets/ihc/ihc_3.ome.tiff,ihc_3,,,,,,,,,,,"(670, 637)","(2717, 2587)","(3346, 3160)",2588.03962151,94.4476501237,µm,7.96451447743,ihc,0.372426597277,47.6868211203,0.638833697637
./example_datasets/ihc/ihc_2.ome.tiff,ihc_2,ihc_3,1998.22648706,0.0545100145298,0.220647252834,90.9396698606,0.00248076119376,1.98023015047,34.3560846719,0.00248076119376,0.862924212203,"(670, 641)","(2817, 2699)","(3346, 3160)",2588.03962151,94.4476501237,µm,7.96511304418,ihc,0.372426597277,47.6868211203,0.638833697637
./example_datasets/ihc/ihc_4.ome.tiff,ihc_4,ihc_2,2345.41021721,0.0639818306907,0.162570676448,82.5057984728,0.00225072441066,1.94767789903,44.3523615818,0.00225072441066,0.889456181046,"(670, 603)","(2997, 2699)","(3346, 3160)",2588.03962151,94.4476501237,µm,7.96499817739,ihc,0.372426597277,47.6868211203,0.638833697637
