filename,from,to,original_D,original_rTRE,rigid_D,rigid_rTRE,non_rigid_D,non_rigid_rTRE,processed_img_shape,shape,aligned_shape,mean_original_D,mean_rigid_D,physical_units,resolution,name,rigid_time_minutes,mean_non_rigid_D,non_rigid_time_minutes
./valis/examples/example_datasets/ihc/ihc_5.ome.tiff,ihc_5,ihc_1,7494.33506508,0.665482373262,88.5459502564,0.00786270811322,87.4204682586,0.00776276750149,"(1024, 902)","(2682, 2362)","(3386, 3129)",1985.87502163,78.2193596797,µm,7.96451447743,ihc,0.51149478356,35.4371107763,1.00536931356
./valis/examples/example_datasets/ihc/ihc_1.ome.tiff,ihc_1,ihc_3,763.104573067,0.0677644041816,94.7203682117,0.00841125783055,46.8838661397,0.00416333143166,"(1024, 971)","(2727, 2587)","(3386, 3129)",1985.87502163,78.2193596797,µm,7.96451447743,ihc,0.51149478356,35.4371107763,1.00536931356
./valis/examples/example_datasets/ihc/ihc_3.ome.tiff,ihc_3,,,,,,,,"(1024, 975)","(2717, 2587)","(3386, 3129)",1985.87502163,78.2193596797,µm,7.96451447743,ihc,0.51149478356,35.4371107763,1.00536931356
./valis/examples/example_datasets/ihc/ihc_2.ome.tiff,ihc_2,ihc_3,1995.15585663,0.177156321239,82.0285651558,0.00728358077453,35.3960347983,0.0031429280527,"(1024, 981)","(2817, 2699)","(3386, 3129)",1985.87502163,78.2193596797,µm,7.96451447743,ihc,0.51149478356,35.4371107763,1.00536931356
./valis/examples/example_datasets/ihc/ihc_4.ome.tiff,ihc_4,ihc_2,2488.42229307,0.220958224998,65.2264066777,0.00579174647433,27.7707193765,0.0024658872722,"(1024, 922)","(2997, 2699)","(3386, 3129)",1985.87502163,78.2193596797,µm,7.96451447743,ihc,0.51149478356,35.4371107763,1.00536931356
