filename,from,to,original_D,original_rTRE,rigid_D,rigid_rTRE,non_rigid_D,non_rigid_rTRE,processed_img_shape,shape,aligned_shape,mean_original_D,mean_rigid_D,physical_units,resolution,name,rigid_time_minutes,mean_non_rigid_D,non_rigid_time_minutes
./example_datasets/cycif/CD20 FOXP3 CD3.ome.tiff,CD20 FOXP3 CD3,CD8 FOXP3 CD20,92.5847482445,0.0494763869412,2.08748304983,0.00111553059294,1.95234308374,0.00111553059294,"(638, 850)","(1344, 1792)","(1351, 1894)",135.400749301,2.03682060002,µm,1.7607183731,cycif,1.78023058176,1.88529346821,1.91370769342
./example_datasets/cycif/CD8 FOXP3 CD20.ome.tiff,CD8 FOXP3 CD20,,,,,,,,"(638, 850)","(1344, 1792)","(1351, 1894)",135.400749301,2.03682060002,µm,1.7607183731,cycif,1.78023058176,1.88529346821,1.91370769342
./example_datasets/cycif/CD4 CD68 CD3.ome.tiff,CD4 CD68 CD3,CD8 FOXP3 CD20,175.720268792,0.0939031987124,1.98911213631,0.00106296213568,1.8221533287,0.00106296213568,"(638, 850)","(1344, 1792)","(1351, 1894)",135.400749301,2.03682060002,µm,1.7607183731,cycif,1.78023058176,1.88529346821,1.91370769342
