filename,from,to,original_D,original_TRE,original_mattesMI,rigid_D,rigid_TRE,rigid_mattesMI,non_rigid_D,non_rigid_TRE,non_rigid_mattesMI,processed_img_shape,shape,aligned_shape,mean_original_D,mean_rigid_D,physical_units,resolution,name,rigid_time_minutes,mean_non_rigid_D,non_rigid_time_minutes
./example_datasets/cycif/CD20 FOXP3 CD3.ome.tiff,CD20 FOXP3 CD3,CD4 CD68 CD3,83.9050054594,0.0204833764528,0.352954452949,1.93168910476,0.000471575145083,2.60669168464,1.81312591452,0.000471575145083,1.16118655326,"(638, 850)","(1344, 1792)","(1351, 1894)",129.782347087,1.97806709177,µm,1.7607183731,cycif,1.08170523643,1.83361506206,1.20989089807
./example_datasets/cycif/CD4 CD68 CD3.ome.tiff,CD4 CD68 CD3,,,,,,,,,,,"(638, 850)","(1344, 1792)","(1351, 1894)",129.782347087,1.97806709177,µm,1.7607183731,cycif,1.08170523643,1.83361506206,1.20989089807
./example_datasets/cycif/CD8 FOXP3 CD20.ome.tiff,CD8 FOXP3 CD20,CD4 CD68 CD3,175.732035238,0.042900723418,0.323822666032,2.0245182148,0.000494237125692,2.62567457745,1.85413652007,0.000494237125692,1.26850875735,"(638, 850)","(1344, 1792)","(1351, 1894)",129.782347087,1.97806709177,µm,1.7607183731,cycif,1.08170523643,1.83361506206,1.20989089807
