filename,from,to,original_D,original_TRE,original_mattesMI,rigid_D,rigid_TRE,rigid_mattesMI,non_rigid_D,non_rigid_TRE,non_rigid_mattesMI,processed_img_shape,shape,aligned_shape,mean_original_D,mean_rigid_D,physical_units,resolution,name,rigid_time_minutes,mean_non_rigid_D,non_rigid_time_minutes
./example_datasets/cycif/CD20 FOXP3 CD3.ome.tiff,CD20 FOXP3 CD3,,,,,,,,,,,"(638, 850)","(1344, 1792)","(1345, 1885)",138.703386211,1.90631816093,µm,1.7607183731,cycif,1.18364162048,1.7625959707,1.34661171834
./example_datasets/cycif/CD4 CD68 CD3.ome.tiff,CD4 CD68 CD3,CD20 FOXP3 CD3,83.5048020159,0.0204808522998,0.360420859713,1.73950725639,0.000426641227003,1.14663440513,1.6332444098,0.000426641227003,1.16673324294,"(638, 850)","(1344, 1792)","(1345, 1885)",138.703386211,1.90631816093,µm,1.7607183731,cycif,1.18364162048,1.7625959707,1.34661171834
./example_datasets/cycif/CD8 FOXP3 CD20.ome.tiff,CD8 FOXP3 CD20,CD4 CD68 CD3,174.896991092,0.0428962090295,0.323822666032,2.01569574836,0.000494380753046,1.24510897763,1.84741153896,0.000494380753046,1.3091075769,"(638, 850)","(1344, 1792)","(1345, 1885)",138.703386211,1.90631816093,µm,1.7607183731,cycif,1.18364162048,1.7625959707,1.34661171834
