filename,from,to,original_D,original_rTRE,rigid_D,rigid_rTRE,non_rigid_D,non_rigid_rTRE,processed_img_shape,shape,aligned_shape,mean_original_D,mean_rigid_D,physical_units,resolution,name,rigid_time_minutes,mean_non_rigid_D,non_rigid_time_minutes
./example_datasets/cycif/CD20 FOXP3 CD3.ome.tiff,CD20 FOXP3 CD3,CD8 FOXP3 CD20,92.5870214123,0.0494776016999,2.11405745292,0.00112973169491,1.95812843231,0.00112973169491,"(638, 850)","(1344, 1792)","(1351, 1894)",134.403472096,2.04573358249,µm,1.7607183731,cycif,1.09197750092,1.89042560771,1.26104560296
./example_datasets/cycif/CD8 FOXP3 CD20.ome.tiff,CD8 FOXP3 CD20,,,,,,,,"(638, 850)","(1344, 1792)","(1351, 1894)",134.403472096,2.04573358249,µm,1.7607183731,cycif,1.09197750092,1.89042560771,1.26104560296
./example_datasets/cycif/CD4 CD68 CD3.ome.tiff,CD4 CD68 CD3,CD8 FOXP3 CD20,175.776322017,0.0939331530095,1.97813451104,0.00105709579975,1.82344099386,0.00105709579975,"(638, 850)","(1344, 1792)","(1351, 1894)",134.403472096,2.04573358249,µm,1.7607183731,cycif,1.09197750092,1.89042560771,1.26104560296
