filename,from,to,original_D,original_rTRE,rigid_D,rigid_rTRE,non_rigid_D,non_rigid_rTRE,processed_img_shape,shape,aligned_shape,mean_original_D,mean_rigid_D,physical_units,resolution,name,rigid_time_minutes,mean_non_rigid_D,non_rigid_time_minutes
./example_datasets/cycif/CD20 FOXP3 CD3.ome.tiff,CD20 FOXP3 CD3,CD8 FOXP3 CD20,92.4402126881,0.0410167334344,2.73298369432,0.00121265475718,2.64230345041,0.00117241894114,"(768, 1024)","(1344, 1792)","(1350, 1894)",134.220801059,2.95755874292,µm,1.7607183731,cycif,0.166150132815,2.8477064519,0.316662466526
./example_datasets/cycif/CD8 FOXP3 CD20.ome.tiff,CD8 FOXP3 CD20,,,,,,,,"(768, 1024)","(1344, 1792)","(1350, 1894)",134.220801059,2.95755874292,µm,1.7607183731,cycif,0.166150132815,2.8477064519,0.316662466526
./example_datasets/cycif/CD4 CD68 CD3.ome.tiff,CD4 CD68 CD3,CD8 FOXP3 CD20,175.773592765,0.0779926656333,3.18090936052,0.00141140427446,3.05198955248,0.00135420114557,"(768, 1024)","(1344, 1792)","(1350, 1894)",134.220801059,2.95755874292,µm,1.7607183731,cycif,0.166150132815,2.8477064519,0.316662466526
